{"cameraMode":{"drawMode":0,"name":"Shaded","section":"Shading Mode"},"sceneLighting":true,"audioPlay":false,"sceneViewState":{"showFog":true,"showMaterialUpdate":false,"showSkybox":true,"showFlares":true,"showImageEffects":true,"showParticleSystems":true},"in2DMode":false,"pivot":{"x":3.8373031616210939,"y":-1.4461660385131837,"z":8.069323539733887},"rotation":{"x":0.14875668287277223,"y":-0.03411058709025383,"z":0.005126027390360832,"w":0.98828125},"size":7.162096977233887,"orthographic":false}