{"cameraMode":{"drawMode":0,"name":"Shaded","section":"Shading Mode"},"sceneLighting":false,"audioPlay":false,"sceneViewState":{"showFog":true,"showMaterialUpdate":false,"showSkybox":false,"showFlares":true,"showImageEffects":true,"showParticleSystems":true},"in2DMode":false,"pivot":{"x":-74.81610870361328,"y":-51.384193420410159,"z":-27.142303466796876},"rotation":{"x":0.5165925025939941,"y":-0.21448764204978944,"z":0.13548976182937623,"w":0.8177879452705383},"size":0.8660253882408142,"orthographic":false}